coin,datetime,close,rsi,macd,signal,decision
BNB_USDT,2025-01-05,709.133,,0.0,0.0,HOLD
BNB_USDT,2025-01-06,729.478,,1.6229629629629017,0.32459259259258033,HOLD
BNB_USDT,2025-01-07,697.763,,0.34604832752984294,0.32888373958003286,HOLD
BNB_USDT,2025-01-08,695.889,,-0.8078198150748221,0.10154302864906184,HOLD
BNB_USDT,2025-01-09,685.189,,-2.5562028918725446,-0.4300061554552595,HOLD
BNB_USDT,2025-01-10,692.985,,-3.274985041592913,-0.9990019326827903,HOLD
BNB_USDT,2025-01-11,696.523,,-3.518578064404096,-1.5029171590270516,HOLD
BNB_USDT,2025-01-12,693.345,,-3.9228452125962576,-1.986902769740893,HOLD
BNB_USDT,2025-01-13,688.569,,-4.575865397503662,-2.504695295293447,HOLD
BNB_USDT,2025-01-14,698.719,,-4.2256576745962775,-2.848887771154013,HOLD
BNB_USDT,2025-01-15,714.492,,-2.6448777472519396,-2.8080857663735985,HOLD
BNB_USDT,2025-01-16,708.098,,-1.8862965762867816,-2.623727928356235,HOLD
BNB_USDT,2025-01-17,722.171,,-0.1478378631228452,-2.1285499153095575,HOLD
BNB_USDT,2025-01-18,709.51,50.13184307526594,0.20589289919212206,-1.6616613524092219,HOLD
BNB_USDT,2025-01-19,683.126,42.321840845078725,-1.6240205251956468,-1.654133186966507,HOLD
BNB_USDT,2025-01-20,682.468,34.295449989977996,-3.0916960511383422,-1.941645759800874,HOLD
BNB_USDT,2025-01-21,691.635,47.58971696480545,-3.475080625012083,-2.248332732843116,HOLD
BNB_USDT,2025-01-22,695.398,49.809706149088065,-3.435668759813325,-2.485799938237158,HOLD
BNB_USDT,2025-01-23,689.743,51.83679395963413,-3.8167487086196843,-2.7519896923136633,HOLD
BNB_USDT,2025-01-24,680.367,44.974750290730086,-4.819762928241744,-3.1655443394992795,HOLD
BNB_USDT,2025-01-25,686.361,46.030530772956666,-5.07252036038733,-3.5469395436768902,HOLD
BNB_USDT,2025-01-26,667.296,40.948230928007035,-6.733597888588179,-4.184271212659148,HOLD
BNB_USDT,2025-01-27,679.879,47.13571880603315,-6.95450366836269,-4.738317703799856,HOLD
BNB_USDT,2025-01-28,661.622,38.39289625351212,-8.504723254586452,-5.491598813957175,HOLD
BNB_USDT,2025-01-29,667.685,34.4073341195126,-9.138704716675306,-6.221019994500802,HOLD
BNB_USDT,2025-01-30,677.273,39.94533130663401,-8.766414355443658,-6.7300988666893735,HOLD
BNB_USDT,2025-01-31,677.742,34.09648990929462,-8.337418609687347,-7.0515628152889684,HOLD
BNB_USDT,2025-02-01,652.997,31.381657409054682,-9.880257628144022,-7.617301777859979,HOLD
BNB_USDT,2025-02-02,618.056,29.706718894239202,-13.763755347696815,-8.846592491827346,HOLD
BNB_USDT,2025-02-03,616.882,29.61141507087791,-16.743182275007825,-10.425910448463442,HOLD
BNB_USDT,2025-02-04,572.745,19.641489198713046,-22.40758591008057,-12.822245540786868,HOLD
BNB_USDT,2025-02-05,569.474,17.764363755516655,-26.851086354538324,-15.62801370353716,HOLD
BNB_USDT,2025-02-06,571.705,19.243957601592555,-29.848494550571786,-18.472109872944085,HOLD
BNB_USDT,2025-02-07,577.662,22.753680859530448,-31.381535222101547,-21.053994942775578,HOLD
BNB_USDT,2025-02-08,612.381,32.96961325966849,-29.455404292706362,-22.734276812761735,HOLD
BNB_USDT,2025-02-09,615.839,37.237404076530446,-27.334801378875795,-23.65438172598455,HOLD
BNB_USDT,2025-02-10,618.49,33.98500477405419,-25.150376858024174,-23.953580752392476,HOLD
BNB_USDT,2025-02-11,642.211,45.07647431832595,-21.26004565954463,-23.41487373382291,HOLD
BNB_USDT,2025-02-12,696.87,55.938645862583996,-13.60952354495771,-21.453803696049867,HOLD
BNB_USDT,2025-02-13,664.715,47.65960460400763,-10.025501676891508,-19.168143292218197,HOLD
BNB_USDT,2025-02-14,659.73,46.69872875764286,-7.500920422117247,-16.83469871819801,HOLD
BNB_USDT,2025-02-15,661.897,51.778392333330686,-5.264625474107561,-14.52068406937992,HOLD
BNB_USDT,2025-02-16,673.213,62.170511162792735,-2.5498459510331486,-12.126516445710566,HOLD
BNB_USDT,2025-02-17,667.425,60.92987046688148,-0.8555446614332141,-9.872322088855096,HOLD
BNB_USDT,2025-02-18,648.113,68.25863656184896,-1.0589092389667485,-8.109639518877428,HOLD
BNB_USDT,2025-02-19,653.795,70.1917136412182,-0.7529081616614803,-6.638293247434238,HOLD
BNB_USDT,2025-02-20,656.051,70.19528219666135,-0.32461776591901526,-5.3755581511311945,HOLD
BNB_USDT,2025-02-21,647.39,66.48182290928001,-0.6762692477058181,-4.435700370446119,HOLD
BNB_USDT,2025-02-22,668.298,64.14052266094814,0.7238017480192411,-3.403799946753047,HOLD
BNB_USDT,2025-02-23,657.926,60.2835319816452,0.985079003951796,-2.5260241566120785,HOLD
BNB_USDT,2025-02-24,614.018,49.09065029078044,-2.3240750434396205,-2.485634333977587,HOLD
BNB_USDT,2025-02-25,623.364,45.929637388506144,-4.144682060131686,-2.817443879208407,HOLD
BNB_USDT,2025-02-26,611.568,27.3917053622543,-6.464842177937271,-3.54692353895418,HOLD
BNB_USDT,2025-02-27,605.59,31.80489306047083,-8.685835521768695,-4.574705935517083,HOLD
BNB_USDT,2025-02-28,587.9,29.49823039159719,-11.738114232499584,-6.007387594913583,HOLD
BNB_USDT,2025-03-01,607.923,36.01970616879752,-12.398456649938225,-7.285601405918512,HOLD
BNB_USDT,2025-03-02,623.866,37.517390710451636,-11.502719721721292,-8.129025069079068,HOLD
BNB_USDT,2025-03-03,575.746,30.899810412716946,-14.508478883697194,-9.404915832002693,HOLD
BNB_USDT,2025-03-04,583.623,35.892107105355265,-16.069714935003503,-10.737875652602856,HOLD
BNB_USDT,2025-03-05,598.375,38.33901443420445,-15.932977198163712,-11.776895961715029,HOLD
BNB_USDT,2025-03-06,596.363,37.42807073711171,-15.804775527441166,-12.582471874860257,HOLD
BNB_USDT,2025-03-07,594.541,38.53834576030052,-15.669565950351512,-13.199890689958508,HOLD
BNB_USDT,2025-03-08,593.079,32.18412039734535,-15.501688749493951,-13.660250301865597,HOLD
BNB_USDT,2025-03-09,553.913,28.32114049896829,-18.31785688273078,-14.591771618038635,HOLD
BNB_USDT,2025-03-10,531.192,31.06470728094081,-22.128007336033534,-16.099018761637616,HOLD
BNB_USDT,2025-03-11,551.717,34.41690917711745,-23.22367498650101,-17.523950006610296,HOLD
BNB_USDT,2025-03-12,569.73,41.139921390573654,-22.380512319642094,-18.495262469216655,HOLD
BNB_USDT,2025-03-13,579.914,44.65773376055927,-20.652467354785358,-18.926703446330396,HOLD
BNB_USDT,2025-03-14,587.423,49.8963624749597,-18.464221671723294,-18.834207091408977,HOLD
BNB_USDT,2025-03-15,619.518,52.39367302364566,-13.979080789874388,-17.86318183110206,HOLD
BNB_USDT,2025-03-16,602.412,45.59219933926136,-11.670356956062733,-16.624616856094196,HOLD
BNB_USDT,2025-03-17,631.591,62.441906578202776,-7.4008627050016,-14.779866025875677,HOLD
BNB_USDT,2025-03-18,627.934,60.06139789194514,-4.2632035316059955,-12.676533527021743,HOLD
BNB_USDT,2025-03-19,618.67,54.72603218219499,-2.495348583428722,-10.640296538303138,HOLD
BNB_USDT,2025-03-20,630.705,57.64045243794996,-0.12178304188319089,-8.53659383901915,HOLD
BNB_USDT,2025-03-21,634.968,58.897609374105855,2.0793042974117952,-6.4134142117329604,HOLD
BNB_USDT,2025-03-22,627.011,57.26054246514376,3.1453607108489905,-4.50165922721657,HOLD
BNB_USDT,2025-03-23,623.61,67.6083452495844,3.6734406847858736,-2.8666392448160813,HOLD
BNB_USDT,2025-03-24,637.186,78.07579835138057,5.128301739183257,-1.2676510480162138,HOLD
BNB_USDT,2025-03-25,629.955,72.29383940274693,5.632876049731976,0.1124543715334243,HOLD
BNB_USDT,2025-03-26,617.862,64.19404305514595,4.9993217226719935,1.0898278417611382,HOLD
BNB_USDT,2025-03-27,637.152,66.01905337632098,5.9847783413837305,2.0688179416856567,HOLD
BNB_USDT,2025-03-28,619.58,58.519809876059114,5.286902149874322,2.71243478332339,HOLD
BNB_USDT,2025-03-29,602.724,45.15967258473601,3.335245280174604,2.836996882693633,HOLD
BNB_USDT,2025-03-30,601.612,49.74600916906898,1.6794543391828256,2.605488373991472,HOLD
BNB_USDT,2025-03-31,604.89,39.85408671201126,0.6245360311215791,2.2092979054174933,HOLD
BNB_USDT,2025-04-01,611.164,43.75195600661691,0.29140589197254485,1.8257195027285036,HOLD
BNB_USDT,2025-04-02,590.386,40.294820060940474,-1.6304186431666494,1.134491873549473,HOLD
BNB_USDT,2025-04-03,592.643,36.000235401433024,-2.937495773054593,0.3200943442286598,HOLD
BNB_USDT,2025-04-04,597.846,36.43974926576956,-3.513029185097139,-0.44653036163649995,HOLD
BNB_USDT,2025-04-05,593.182,37.33802447879632,-4.295968135442877,-1.2164179163977753,HOLD
BNB_USDT,2025-04-06,555.735,29.754639654956463,-7.847650012375311,-2.5426643355932823,HOLD
BNB_USDT,2025-04-07,554.599,23.391820401956338,-10.631495927209812,-4.160430653916588,HOLD
BNB_USDT,2025-04-08,553.614,24.372755043808155,-12.769990636243051,-5.882342650381881,HOLD
BNB_USDT,2025-04-09,582.447,39.31255092494796,-11.999854118975577,-7.10584494410062,HOLD
BNB_USDT,2025-04-10,577.998,30.392325846569975,-11.614626316341742,-8.007601218548846,HOLD
BNB_USDT,2025-04-11,586.059,38.141127691338866,-10.53740651295243,-8.513562277429564,HOLD
BNB_USDT,2025-04-12,597.328,48.01246445567454,-8.674394911858826,-8.545728804315416,HOLD
BNB_USDT,2025-04-13,584.198,44.107495736444605,-8.163324342205897,-8.469247911893513,HOLD
BNB_USDT,2025-04-14,586.186,43.61524912271121,-7.511296695415695,-8.27765766859795,HOLD
ADA_USDT,2025-01-05,1.0912,,0.0,0.0,HOLD
ADA_USDT,2025-01-06,1.0935,,0.00018347578347577276,3.669515669515455e-05,HOLD
ADA_USDT,2025-01-07,0.9895,,-0.007971162571732249,-0.0015648763889903263,HOLD
ADA_USDT,2025-01-08,0.9469,,-0.01766757538482433,-0.004785416188157127,HOLD
ADA_USDT,2025-01-09,0.9045,,-0.02844547630237715,-0.009517428211001131,HOLD
ADA_USDT,2025-01-10,0.9306,,-0.034483484413823096,-0.014510639451565523,HOLD
ADA_USDT,2025-01-11,0.9952,,-0.03366786701494062,-0.018342084964240543,HOLD
ADA_USDT,2025-01-12,0.9677,,-0.03483890333188544,-0.021641448637769525,HOLD
ADA_USDT,2025-01-13,0.9441,,-0.03724197847100874,-0.02476155460441737,HOLD
ADA_USDT,2025-01-14,0.997,,-0.03448037661737602,-0.0267053190070091,HOLD
ADA_USDT,2025-01-15,1.0752,,-0.025685613038405775,-0.026501377813288436,HOLD
ADA_USDT,2025-01-16,1.0891,,-0.017393583305156612,-0.024679818911662075,HOLD
ADA_USDT,2025-01-17,1.1326,,-0.007228675869646262,-0.021189590303258916,HOLD
ADA_USDT,2025-01-18,1.1042,51.1818181818182,-0.001447866045589441,-0.01724124545172502,HOLD
ADA_USDT,2025-01-19,0.9924,42.53550921728619,-0.005820760160125227,-0.014957148393405064,HOLD
ADA_USDT,2025-01-20,1.0092,43.76755877569128,-0.007840312413278427,-0.013533781197379736,HOLD
ADA_USDT,2025-01-21,1.0058,51.415667882577736,-0.009604459478703031,-0.012747916853644395,HOLD
ADA_USDT,2025-01-22,0.9824,53.189577717879615,-0.012743840119948224,-0.012747101506905162,HOLD
ADA_USDT,2025-01-23,0.9866,57.92012348060968,-0.014723197145197764,-0.013142320634563684,HOLD
ADA_USDT,2025-01-24,0.9715,54.03114527892766,-0.017310748123439357,-0.01397600613233882,HOLD
ADA_USDT,2025-01-25,0.9768,47.94642857142858,-0.01871796614772059,-0.014924398135415174,HOLD
ADA_USDT,2025-01-26,0.953,48.34571235651586,-0.02150575273486155,-0.01624066905530445,HOLD
ADA_USDT,2025-01-27,0.9347,48.929384965831424,-0.024904665271967774,-0.017973468298637118,HOLD
ADA_USDT,2025-01-28,0.917,40.09410599306588,-0.028695782897655397,-0.020117931218440775,HOLD
ADA_USDT,2025-01-29,0.9401,30.62804703183255,-0.02949627923803555,-0.02199360082235973,HOLD
ADA_USDT,2025-01-30,0.9596,31.724527236804988,-0.02823175324559235,-0.023241231307006255,HOLD
ADA_USDT,2025-01-31,0.9423,20.999695214873526,-0.028299355351278144,-0.024252856115860633,HOLD
ADA_USDT,2025-02-01,0.8943,19.815933275812498,-0.0318588800169719,-0.02577406089608289,HOLD
ADA_USDT,2025-02-02,0.8048,21.173939766441322,-0.04142421837309118,-0.02890409239148455,HOLD
ADA_USDT,2025-02-03,0.8118,18.726235741444853,-0.04788795391280776,-0.03270086469574919,HOLD
ADA_USDT,2025-02-04,0.744,15.552631578947341,-0.05781494951899224,-0.0377236816603978,HOLD
ADA_USDT,2025-02-05,0.7326,16.059782608695627,-0.0658430520649319,-0.043347555741304625,HOLD
ADA_USDT,2025-02-06,0.7053,14.037330605983115,-0.0735603056030335,-0.049390105713650406,HOLD
ADA_USDT,2025-02-07,0.7071,15.007940709370004,-0.07862470304054281,-0.05523702517902889,HOLD
ADA_USDT,2025-02-08,0.7005,13.558427855447093,-0.08222302350536592,-0.0606342248442963,HOLD
ADA_USDT,2025-02-09,0.6816,13.735970069481525,-0.08561289824555085,-0.06562995952454721,HOLD
ADA_USDT,2025-02-10,0.7116,21.093547551179043,-0.08489997505628766,-0.0694839626308953,HOLD
ADA_USDT,2025-02-11,0.778,34.008283479061205,-0.07807702982189302,-0.07120257606909486,HOLD
ADA_USDT,2025-02-12,0.7996,33.77972754560146,-0.07011857381406938,-0.07098577561808976,HOLD
ADA_USDT,2025-02-13,0.8105,32.4381625441696,-0.06221472852230936,-0.06923156619893368,HOLD
ADA_USDT,2025-02-14,0.7997,32.9425837320574,-0.056174795846174685,-0.06662021212838189,HOLD
ADA_USDT,2025-02-15,0.7812,35.44401544401545,-0.05227826972275096,-0.0637518236472557,HOLD
ADA_USDT,2025-02-16,0.7713,44.577533182259636,-0.04941941569758712,-0.06088534205732199,HOLD
ADA_USDT,2025-02-17,0.8089,49.57290132547864,-0.043616958376474835,-0.05743166532115256,HOLD
ADA_USDT,2025-02-18,0.7539,51.515151515151516,-0.042961278613478426,-0.05453758797961774,HOLD
ADA_USDT,2025-02-19,0.774,56.17173524150269,-0.04035456337337029,-0.051700983058368254,HOLD
ADA_USDT,2025-02-20,0.8035,64.54383886255926,-0.03549910769096798,-0.0484606079848882,HOLD
ADA_USDT,2025-02-21,0.7618,57.245033112582796,-0.03461692323676702,-0.04569187103526397,HOLD
ADA_USDT,2025-02-22,0.7734,59.529411764705884,-0.03260590210328462,-0.043074677248868105,HOLD
ADA_USDT,2025-02-23,0.7695,61.95918367346939,-0.030969849624307932,-0.04065371172395607,HOLD
ADA_USDT,2025-02-24,0.6815,46.462984723854284,-0.03635505238722592,-0.03979397985661004,HOLD
ADA_USDT,2025-02-25,0.6832,36.86252771618624,-0.040024313214159,-0.03984004652811984,HOLD
ADA_USDT,2025-02-26,0.6476,29.72251867662753,-0.045282858725697483,-0.040928608967635366,HOLD
ADA_USDT,2025-02-27,0.6453,27.444019661387216,-0.049070233599686874,-0.04255693389404567,HOLD
ADA_USDT,2025-02-28,0.6328,27.31720576243545,-0.052475496152246226,-0.04454064634568578,HOLD
ADA_USDT,2025-03-01,0.6592,33.767961681745604,-0.05243944264040823,-0.04612040560463027,HOLD
ADA_USDT,2025-03-02,1.1352,71.61183038365603,-0.013842085129533221,-0.039664741509610864,HOLD
ADA_USDT,2025-03-03,0.8576,52.25067011738608,-0.0055889749984541215,-0.032849588207379515,HOLD
ADA_USDT,2025-03-04,0.9409,58.421905962889575,0.007585843195393571,-0.0247625019268249,HOLD
ADA_USDT,2025-03-05,0.9743,58.914107699154435,0.02048593331085391,-0.01571281487928914,HOLD
ADA_USDT,2025-03-06,0.9062,54.41872472248516,0.024926904959025276,-0.007584870911626258,HOLD
ADA_USDT,2025-03-07,0.8184,52.34232742923357,0.021118242803501164,-0.0018442481686007737,HOLD
ADA_USDT,2025-03-08,0.8055,51.32699462587846,0.016864524672494996,0.0018975063996183802,HOLD
ADA_USDT,2025-03-09,0.7213,48.13149325476819,0.006622842094954673,0.0028425735386856388,HOLD
ADA_USDT,2025-03-10,0.6711,49.584664536741215,-0.005481300575140513,0.0011777987159204085,HOLD
ADA_USDT,2025-03-11,0.724,51.56537753222837,-0.01068219525313363,-0.0011942000778903993,HOLD
ADA_USDT,2025-03-12,0.7359,53.4505666275889,-0.01368594811762247,-0.003692549685836814,HOLD
ADA_USDT,2025-03-13,0.703,52.202121975421726,-0.01850785195028326,-0.006655610138726104,HOLD
ADA_USDT,2025-03-14,0.7373,53.92296718972895,-0.019338598805498597,-0.009192207872080603,HOLD
ADA_USDT,2025-03-15,0.7466,53.323699421965316,-0.01902720561450788,-0.011159207420566059,HOLD
ADA_USDT,2025-03-16,0.705,25.567923671058622,-0.02188492085672855,-0.013304350107798558,HOLD
ADA_USDT,2025-03-17,0.7174,38.605331599479854,-0.02288529694842034,-0.015220539475922914,HOLD
ADA_USDT,2025-03-18,0.7016,28.154098959284298,-0.024668665146202584,-0.01711016460997885,HOLD
ADA_USDT,2025-03-19,0.7436,29.264785187848304,-0.02243433920262783,-0.018174999528508644,HOLD
ADA_USDT,2025-03-20,0.7179,31.679315041836944,-0.02247827939837277,-0.019035655502481468,HOLD
ADA_USDT,2025-03-21,0.7051,37.09273182957394,-0.023277625370556,-0.019884049476096375,HOLD
ADA_USDT,2025-03-22,0.7012,37.86927192370321,-0.023949732609496732,-0.020697186102776446,HOLD
ADA_USDT,2025-03-23,0.7106,48.49338214587439,-0.023453523379498686,-0.021248453558120897,HOLD
ADA_USDT,2025-03-24,0.732,59.33190315660434,-0.021090356337426175,-0.021216834113981953,HOLD
ADA_USDT,2025-03-25,0.7446,53.601398601398614,-0.0179933980413588,-0.020572146899457324,HOLD
ADA_USDT,2025-03-26,0.7287,48.758620689655174,-0.01663032931319941,-0.019783783382205742,HOLD
ADA_USDT,2025-03-27,0.7383,56.61792275965504,-0.014607066585288764,-0.018748440022822346,HOLD
ADA_USDT,2025-03-28,0.706,44.087646392142055,-0.015432065113731519,-0.018085165041004183,HOLD
ADA_USDT,2025-03-29,0.6731,37.252861602497404,-0.018527068916771028,-0.01817354581615755,HOLD
ADA_USDT,2025-03-30,0.6611,41.51526865094705,-0.02169805971497263,-0.018878448595920565,HOLD
ADA_USDT,2025-03-31,0.6618,38.744939271255056,-0.023879342423364536,-0.01987862736140936,HOLD
ADA_USDT,2025-04-01,0.6772,45.05271695052718,-0.024087705315428032,-0.020720442952213095,HOLD
ADA_USDT,2025-04-02,0.64,28.577336641852753,-0.02694397019877781,-0.02196514840152604,HOLD
ADA_USDT,2025-04-03,0.6505,35.12797881729918,-0.02803712393702884,-0.0231795435086266,HOLD
ADA_USDT,2025-04-04,0.6603,39.98211091234347,-0.02779230565290025,-0.024102095937481333,HOLD
ADA_USDT,2025-04-05,0.6547,39.680426098535264,-0.027730498670715198,-0.02482777648412811,HOLD
ADA_USDT,2025-04-06,0.5737,26.945099360053874,-0.03382759577959338,-0.026627740343221164,HOLD
ADA_USDT,2025-04-07,0.5858,24.582753824756608,-0.037253781881653514,-0.028752948650907634,HOLD
ADA_USDT,2025-04-08,0.5584,19.212962962962948,-0.041699326185186125,-0.03134222415776333,HOLD
ADA_USDT,2025-04-09,0.6315,36.4849833147942,-0.03887575746362126,-0.03284893081893492,HOLD
ADA_USDT,2025-04-10,0.6095,32.68817204301075,-0.03797551692719714,-0.03387424804058736,HOLD
ADA_USDT,2025-04-11,0.6238,38.389830508474574,-0.035696690103193096,-0.03423873645310851,HOLD
ADA_USDT,2025-04-12,0.6594,48.07961872722174,-0.03066459854474901,-0.03352390887143661,HOLD
ADA_USDT,2025-04-13,0.6382,46.87072970757037,-0.02806379064517306,-0.0324318852261839,HOLD
ADA_USDT,2025-04-14,0.6391,46.899754165528535,-0.025634510488580453,-0.031072410278663212,HOLD
XRP_USDT,2025-01-05,2.39927,,0.0,0.0,HOLD
XRP_USDT,2025-01-06,2.41995,,0.0016496866096864515,0.00032993732193729034,HOLD
XRP_USDT,2025-01-07,2.27129,,-0.00893554110762107,-0.0015231583639743818,HOLD
XRP_USDT,2025-01-08,2.37321,,-0.0089966107880457,-0.0030178488487886453,HOLD
XRP_USDT,2025-01-09,2.27247,,-0.01697817124093648,-0.0058099133272182125,HOLD
XRP_USDT,2025-01-10,2.34157,,-0.017525796424928686,-0.008153089946760308,HOLD
XRP_USDT,2025-01-11,2.57648,,0.0009841359400337701,-0.006325644769401492,HOLD
XRP_USDT,2025-01-12,2.50441,,0.009725830688195103,-0.003115349677882173,HOLD
XRP_USDT,2025-01-13,2.52371,,0.01800350229216008,0.0011084207161262774,HOLD
XRP_USDT,2025-01-14,2.66801,,0.035794800531252946,0.008045696679151611,HOLD
XRP_USDT,2025-01-15,3.14194,,0.08713231566978719,0.02386302047727873,HOLD
XRP_USDT,2025-01-16,3.24503,,0.13458475840602002,0.04600736806302699,HOLD
XRP_USDT,2025-01-17,3.29258,,0.1740220311092675,0.0716103006722751,HOLD
XRP_USDT,2025-01-18,3.26982,77.91996202718394,0.20112140965330205,0.0975125224684805,HOLD
XRP_USDT,2025-01-19,2.95695,64.89625403337821,0.19510284401511502,0.11703058677780742,HOLD
XRP_USDT,2025-01-20,3.10632,67.15436100711298,0.20007960490810062,0.13364039040386608,HOLD
XRP_USDT,2025-01-21,3.1741,73.51447369106471,0.20710561865721377,0.14833343605453564,HOLD
XRP_USDT,2025-01-22,3.17999,72.11980303346019,0.21072000984347383,0.1608107508123233,HOLD
XRP_USDT,2025-01-23,3.11879,73.7181355514203,0.2062683788943218,0.16990227642872302,HOLD
XRP_USDT,2025-01-24,3.10085,71.90702612870463,0.19899888594106185,0.1757215983311908,HOLD
XRP_USDT,2025-01-25,3.10812,67.65870379719925,0.19161556370200028,0.17890039140535272,HOLD
XRP_USDT,2025-01-26,3.02231,67.046726264927,0.17680201421325448,0.17848071596693307,HOLD
XRP_USDT,2025-01-27,3.05479,67.33018326110792,0.1657721163036867,0.1759389960342838,HOLD
XRP_USDT,2025-01-28,3.05799,64.01656195638108,0.15549658812606326,0.1718505144526397,HOLD
XRP_USDT,2025-01-29,3.06857,46.04598023259574,0.1465179083501349,0.16678399323213874,HOLD
XRP_USDT,2025-01-30,3.12667,43.296329859537835,0.14244836825959206,0.1619168682376294,HOLD
XRP_USDT,2025-01-31,3.0361,36.148495387872366,0.13041168165578076,0.1556158309212597,HOLD
XRP_USDT,2025-02-01,2.87811,31.54139767211724,0.10689186529489403,0.14587103779598656,HOLD
XRP_USDT,2025-02-02,2.57869,31.946353570064915,0.06336116170394401,0.12936906257757805,HOLD
XRP_USDT,2025-02-03,2.70024,30.089823295220512,0.038230141378226,0.11114127833770765,HOLD
XRP_USDT,2025-02-04,2.5272,21.249911114271498,0.004301163728410717,0.08977325541584827,HOLD
XRP_USDT,2025-02-05,2.38105,18.42883110724729,-0.033989074187865675,0.06502078949510548,HOLD
XRP_USDT,2025-02-06,2.32515,18.5063492063492,-0.06806046772126884,0.03840453805183062,HOLD
XRP_USDT,2025-02-07,2.39632,23.175681335333493,-0.08830158268081512,0.013063313905301473,HOLD
XRP_USDT,2025-02-08,2.41898,24.06557179629992,-0.1013460849120178,-0.009818565858162383,HOLD
XRP_USDT,2025-02-09,2.39286,25.197607433034122,-0.11249484210270921,-0.03035382110707175,HOLD
XRP_USDT,2025-02-10,2.42362,25.096077208986657,-0.11749384170108312,-0.04778182522587403,HOLD
XRP_USDT,2025-02-11,2.4132,24.7028083143052,-0.12090270074025256,-0.06240600032874974,HOLD
XRP_USDT,2025-02-12,2.473,27.502738639368417,-0.11742528032090949,-0.0734098563271817,HOLD
XRP_USDT,2025-02-13,2.55903,29.00087305227956,-0.1064998337778813,-0.08002785181732162,HOLD
XRP_USDT,2025-02-14,2.73844,39.66759695088934,-0.08241442883644501,-0.0805051672211463,HOLD
XRP_USDT,2025-02-15,2.76186,45.54887621089713,-0.06073663945114305,-0.07655146166714566,HOLD
XRP_USDT,2025-02-16,2.72845,57.20110786274811,-0.045725646178315316,-0.0703862985693796,HOLD
XRP_USDT,2025-02-17,2.65992,47.957074238462944,-0.0389105871049793,-0.06409115627649954,HOLD
XRP_USDT,2025-02-18,2.56314,51.973510806536645,-0.04084806974433164,-0.05944253897006596,HOLD
XRP_USDT,2025-02-19,2.73794,68.99947828494159,-0.02795637586069777,-0.053145306348192325,HOLD
XRP_USDT,2025-02-20,2.68794,69.43566446304018,-0.0215260587055921,-0.046821456819672286,HOLD
XRP_USDT,2025-02-21,2.57226,58.99654333108344,-0.025470783912211914,-0.042551322238180214,HOLD
XRP_USDT,2025-02-22,2.57423,58.110183569630045,-0.02811396424318513,-0.039663850639181195,HOLD
XRP_USDT,2025-02-23,2.57524,59.78412480418874,-0.02978387516639014,-0.037687855544622985,HOLD
XRP_USDT,2025-02-24,2.27783,43.91867653315757,-0.054477806799483997,-0.04104584579559519,HOLD
XRP_USDT,2025-02-25,2.32195,46.29778394475687,-0.06968453036615863,-0.04677358270970788,HOLD
XRP_USDT,2025-02-26,2.19779,39.388307511972435,-0.09070900574898122,-0.05556066731756255,HOLD
XRP_USDT,2025-02-27,2.19832,35.10976445431504,-0.1061051730061906,-0.06566956845528815,HOLD
XRP_USDT,2025-02-28,2.1455,22.66650685941879,-0.12117208270336377,-0.07677007130490328,HOLD
XRP_USDT,2025-03-01,2.19119,24.222384837068972,-0.1279509768227629,-0.0870062524084752,HOLD
XRP_USDT,2025-03-02,2.93915,55.78382176934987,-0.07213762062773066,-0.0840325260523263,HOLD
XRP_USDT,2025-03-03,2.38721,44.08404812418922,-0.07161652821706177,-0.08154932648527341,HOLD
XRP_USDT,2025-03-04,2.4548,47.619612599310976,-0.06500032728885063,-0.07823952664598886,HOLD
XRP_USDT,2025-03-05,2.50006,44.457957076425586,-0.0554654652819746,-0.07368471437318602,HOLD
XRP_USDT,2025-03-06,2.59994,47.9963752606989,-0.039395411398730484,-0.06682685377829492,HOLD
XRP_USDT,2025-03-07,2.3852,45.924760792652116,-0.04348621919506357,-0.06215872686164865,HOLD
XRP_USDT,2025-03-08,2.32572,44.718374217351936,-0.050940541893671476,-0.05991508986805322,HOLD
XRP_USDT,2025-03-09,2.13818,41.393474904691395,-0.07116076005476168,-0.062164223905394916,HOLD
XRP_USDT,2025-03-10,2.02168,44.56897392513813,-0.09548530978148673,-0.06882844108061328,HOLD
XRP_USDT,2025-03-11,2.17036,46.922367902808624,-0.10159434093739383,-0.0753816210519694,HOLD
XRP_USDT,2025-03-12,2.23952,50.86656948130428,-0.09970581160441672,-0.08024645916245887,HOLD
XRP_USDT,2025-03-13,2.25254,51.12012758959782,-0.09605131356172025,-0.08340743004231115,HOLD
XRP_USDT,2025-03-14,2.35668,54.272165982893526,-0.08378603659309247,-0.08348315135246742,HOLD
XRP_USDT,2025-03-15,2.39097,54.06027201261695,-0.0704862778673232,-0.08088377665543858,HOLD
XRP_USDT,2025-03-16,2.29419,32.17357656163625,-0.06698331843411598,-0.07810368501117407,HOLD
XRP_USDT,2025-03-17,2.33804,48.11016903552128,-0.05997748618947618,-0.07447844524683449,HOLD
XRP_USDT,2025-03-18,2.28502,43.400656125130205,-0.058034597836102986,-0.07118967576468818,HOLD
XRP_USDT,2025-03-19,2.54613,51.533427861988166,-0.035021741173647314,-0.06395608884648,HOLD
XRP_USDT,2025-03-20,2.4361,44.58322863906264,-0.02536993904581264,-0.05623885888634654,HOLD
XRP_USDT,2025-03-21,2.3806,49.83001995417928,-0.021946220124622773,-0.04938033113400179,HOLD
XRP_USDT,2025-03-22,2.37143,51.754311899845725,-0.019745229857313085,-0.04345331087866405,HOLD
XRP_USDT,2025-03-23,2.43902,62.71685096885463,-0.01240399554694438,-0.03724344781232012,HOLD
XRP_USDT,2025-03-24,2.4497,69.8705687916659,-0.005658994357374159,-0.030926557121330932,HOLD
XRP_USDT,2025-03-25,2.4495,65.0311241303552,-0.00032591371759815857,-0.02480642844058438,HOLD
XRP_USDT,2025-03-26,2.34937,55.72427593250721,-0.004131438416148825,-0.02067143043569727,HOLD
XRP_USDT,2025-03-27,2.34101,54.632664816463304,-0.007732787528504481,-0.018083701854258713,HOLD
XRP_USDT,2025-03-28,2.20753,42.42270293337669,-0.021114211619056356,-0.01868980380721824,HOLD
XRP_USDT,2025-03-29,2.13439,37.4599233656553,-0.03719214546072491,-0.022390272137919574,HOLD
XRP_USDT,2025-03-30,2.13619,41.4876193349568,-0.04922138541689591,-0.027756494793714843,HOLD
XRP_USDT,2025-03-31,2.08939,36.64622291919528,-0.06181840948036976,-0.03456887773104583,HOLD
XRP_USDT,2025-04-01,2.13855,42.10106239551314,-0.06706179403744628,-0.04106746099232592,HOLD
XRP_USDT,2025-04-02,2.02373,16.54970161104424,-0.07956505209170928,-0.04876697921220259,HOLD
XRP_USDT,2025-04-03,2.06476,23.917624251959666,-0.08518127931836306,-0.056049839233434685,HOLD
XRP_USDT,2025-04-04,2.12996,32.632074948722234,-0.08340959091396494,-0.06152178956954074,HOLD
XRP_USDT,2025-04-05,2.14407,34.352374397797675,-0.07994539525907784,-0.06520651070744816,HOLD
XRP_USDT,2025-04-06,1.92191,20.6544315434642,-0.094042388460986,-0.07097368625815574,HOLD
XRP_USDT,2025-04-07,1.89897,19.17544468449512,-0.1058453046338661,-0.07794800993329781,HOLD
XRP_USDT,2025-04-08,1.79633,17.20276770740233,-0.12207419559969646,-0.08677324706657755,HOLD
XRP_USDT,2025-04-09,2.05347,37.16580787314146,-0.11288538714728791,-0.09199567508271962,HOLD
XRP_USDT,2025-04-10,1.96588,34.77569175574875,-0.11138697155469135,-0.09587393437711397,HOLD
XRP_USDT,2025-04-11,2.02279,42.00564287197952,-0.1044038029672758,-0.09757990809514634,HOLD
XRP_USDT,2025-04-12,2.15982,51.04278579219736,-0.08681170446753672,-0.09542626736962442,HOLD
XRP_USDT,2025-04-13,2.1202,49.364037704331224,-0.0751999839396209,-0.09138101068362373,HOLD
XRP_USDT,2025-04-14,2.13896,52.016499743717006,-0.0637489780110303,-0.08585460414910503,HOLD
BTC_USDT,2025-01-05,98360.8,,0.0,0.0,HOLD
BTC_USDT,2025-01-06,102224.3,,308.1994301994273,61.63988603988546,HOLD
BTC_USDT,2025-01-07,96959.2,,126.1459988149436,74.54110859489708,HOLD
BTC_USDT,2025-01-08,95056.8,,-169.68442177193356,25.696002521530957,HOLD
BTC_USDT,2025-01-09,92548.5,,-599.6189744052681,-99.36699286382886,HOLD
BTC_USDT,2025-01-10,94721.4,,-756.2922680706542,-230.75204790519393,HOLD
BTC_USDT,2025-01-11,94606.5,,-879.5890962350386,-360.5194575711629,HOLD
BTC_USDT,2025-01-12,94539.8,,-971.4861656374851,-482.71279918442735,HOLD
BTC_USDT,2025-01-13,94525.7,,-1033.5390129968146,-592.8780419469049,HOLD
BTC_USDT,2025-01-14,96565.3,,-907.6745599251153,-655.837345542547,HOLD
BTC_USDT,2025-01-15,100495.6,,-485.19073418602056,-621.7080232712417,HOLD
BTC_USDT,2025-01-16,99986.3,,-189.28356890112627,-535.2231323972186,HOLD
BTC_USDT,2025-01-17,104076.3,,370.97741323262744,-353.9830232712494,HOLD
BTC_USDT,2025-01-18,104550.6,61.48326246502965,843.5365597678174,-114.47910666343608,HOLD
BTC_USDT,2025-01-19,101317.1,54.89698491629921,946.2192351470294,97.660561698657,HOLD
BTC_USDT,2025-01-20,102265.0,50.07462604467295,1091.5014539182448,296.42874014257455,HOLD
BTC_USDT,2025-01-21,106140.2,67.7380464771208,1502.0205546202778,537.5471030381152,HOLD
BTC_USDT,2025-01-22,103704.0,66.36908818318113,1612.1945445763267,752.4765913457575,HOLD
BTC_USDT,2025-01-23,103907.0,73.55763048627213,1696.3343424669583,941.2481415699978,HOLD
BTC_USDT,2025-01-24,104857.2,72.1448796602171,1818.7238212420489,1116.743277504408,HOLD
BTC_USDT,2025-01-25,104740.1,72.13794489544468,1884.5455060801614,1270.3037232195588,HOLD
BTC_USDT,2025-01-26,102617.4,66.19185836734366,1745.3067063826165,1365.3043198521705,HOLD
BTC_USDT,2025-01-27,102083.3,64.84012347133535,1573.7206757776003,1406.9875910372566,HOLD
BTC_USDT,2025-01-28,101336.8,59.87058497412114,1361.803179710696,1397.9507087719446,HOLD
BTC_USDT,2025-01-29,103736.1,57.156802551315636,1371.6489798894909,1392.6903629954538,HOLD
BTC_USDT,2025-01-30,104719.2,60.23856600802142,1442.155530116317,1402.5833964196265,HOLD
BTC_USDT,2025-01-31,102436.3,46.151318877311546,1298.8492030277266,1381.8365577412467,HOLD
BTC_USDT,2025-02-01,100632.5,41.34523204700579,1027.8775883226772,1311.0447638575329,HOLD
BTC_USDT,2025-02-02,97693.9,41.89099666078795,569.4459518634831,1162.725001458723,HOLD
BTC_USDT,2025-02-03,101351.0,48.175634136799495,495.52092669616104,1029.2841865062105,HOLD
BTC_USDT,2025-02-04,97774.5,33.1003470552824,146.6506542522693,852.7574800554223,HOLD
BTC_USDT,2025-02-05,96616.6,34.90295150131216,-220.72007947729435,638.061968148879,HOLD
BTC_USDT,2025-02-06,96555.7,34.245436270664825,-510.8889440291823,408.27178571326675,HOLD
BTC_USDT,2025-02-07,96511.4,31.391584317362913,-735.941029429916,179.42922268463022,HOLD
BTC_USDT,2025-02-08,96447.2,31.465812023118275,-908.9984635253059,-38.256314557357,HOLD
BTC_USDT,2025-02-09,96467.7,34.830313226145435,-1032.5904878048896,-237.12314920686353,HOLD
BTC_USDT,2025-02-10,97433.3,38.76876702799838,-1040.6265126643266,-397.8238218983562,HOLD
BTC_USDT,2025-02-11,95780.0,37.14179933358016,-1166.9507314269722,-551.6492038040794,HOLD
BTC_USDT,2025-02-12,97861.7,36.20411077293051,-1086.5625753985369,-658.631878122971,HOLD
BTC_USDT,2025-02-13,96611.4,31.19503098675179,-1110.936953719298,-749.0928932422364,HOLD
BTC_USDT,2025-02-14,97491.2,37.73202014438463,-1047.189962902572,-808.7123071743036,HOLD
BTC_USDT,2025-02-15,97576.0,41.7102872175965,-978.5472782125144,-842.6793013819458,HOLD
BTC_USDT,2025-02-16,96123.4,45.36711997404054,-1029.492784187969,-880.0419979431505,HOLD
BTC_USDT,2025-02-17,95770.2,29.550917511871972,-1085.850741471455,-921.2037466488115,HOLD
BTC_USDT,2025-02-18,95656.7,39.60088778897335,-1126.6855998391693,-962.300117286883,HOLD
BTC_USDT,2025-02-19,96643.8,50.13583970914319,-1067.0959806134342,-983.2592899521933,HOLD
BTC_USDT,2025-02-20,98300.1,57.51430146805434,-876.1218233213149,-961.8317966260176,HOLD
BTC_USDT,2025-02-21,96179.1,48.785799370062676,-885.7104827269504,-946.6075338462043,HOLD
BTC_USDT,2025-02-22,96551.1,50.37129155141981,-853.4541847373475,-927.976864024433,HOLD
BTC_USDT,2025-02-23,96257.7,49.26391206202767,-841.8613109877915,-910.7537534171047,HOLD
BTC_USDT,2025-02-24,91565.0,33.691646703757854,-1197.5311527966987,-968.1092332930235,HOLD
BTC_USDT,2025-02-25,88679.8,31.532595351547087,-1692.7011866606772,-1113.0276239665543,HOLD
BTC_USDT,2025-02-26,84242.6,18.44377198307626,-2415.329547247442,-1373.488008622732,HOLD
BTC_USDT,2025-02-27,84713.6,21.399244223502194,-2916.3935956017667,-1682.069126018539,HOLD
BTC_USDT,2025-02-28,84337.8,17.595758728406892,-3305.7082363853406,-2006.7969480918994,HOLD
BTC_USDT,2025-03-01,86061.6,23.753122891478426,-3435.54382974701,-2292.5463244229218,HOLD
BTC_USDT,2025-03-02,94265.1,46.76092966181758,-2843.70511993354,-2402.7780835250455,HOLD
BTC_USDT,2025-03-03,86215.2,36.868650776199495,-2989.7641920747265,-2520.175305234982,HOLD
BTC_USDT,2025-03-04,87279.5,38.780495644627315,-2985.2251267485844,-2613.1852695377024,HOLD
BTC_USDT,2025-03-05,90610.9,42.39758049272257,-2681.8965128691634,-2626.9275182039946,HOLD
BTC_USDT,2025-03-06,89913.1,39.16940003615796,-2469.3479235007253,-2595.4115992633406,HOLD
BTC_USDT,2025-03-07,86793.9,38.184967721793065,-2523.5056050667627,-2581.030400424025,HOLD
BTC_USDT,2025-03-08,86222.8,37.0625533929748,-2582.736773187542,-2581.3716749767286,HOLD
BTC_USDT,2025-03-09,80730.5,32.791609036422315,-3037.842255069205,-2672.6657909952237,HOLD
BTC_USDT,2025-03-10,78596.3,34.76303378786419,-3530.036666742075,-2844.1399661445944,HOLD
BTC_USDT,2025-03-11,82933.7,43.47166141394127,-3529.4273121639417,-2981.197435348464,HOLD
BTC_USDT,2025-03-12,83674.8,49.2957571788613,-3429.609415418512,-3070.879831362474,HOLD
BTC_USDT,2025-03-13,81112.5,45.753830407908666,-3516.720642578992,-3160.0479936057773,HOLD
BTC_USDT,2025-03-14,83977.7,49.59893971287602,-3316.330628045718,-3191.3045204937657,HOLD
BTC_USDT,2025-03-15,84337.3,48.01938004975958,-3092.8509228923504,-3171.6138009734827,HOLD
BTC_USDT,2025-03-16,82579.1,34.24387876173013,-3022.7690920981986,-3141.844859198426,HOLD
BTC_USDT,2025-03-17,84009.8,46.38041280428561,-2819.2842492583586,-3077.332737210413,HOLD
BTC_USDT,2025-03-18,82711.9,42.56052432700075,-2731.2663894920115,-3008.119467666733,HOLD
BTC_USDT,2025-03-19,86842.4,44.01777918882451,-2301.682409452944,-2866.8320560239754,HOLD
BTC_USDT,2025-03-20,84208.5,41.46876196401224,-2148.9954460667504,-2723.2647340325307,HOLD
BTC_USDT,2025-03-21,84077.8,45.53934787535598,-2015.3051420340635,-2581.6728156328372,HOLD
BTC_USDT,2025-03-22,83845.8,46.052281937155385,-1906.1027084810194,-2446.5587942024736,HOLD
BTC_USDT,2025-03-23,86087.7,59.97408361756951,-1619.9822524667252,-2281.2434858553243,HOLD
BTC_USDT,2025-03-24,87497.9,67.03225213917248,-1264.8578809174505,-2077.9663648677497,HOLD
BTC_USDT,2025-03-25,87408.1,60.22299396819597,-979.3757336247945,-1858.2482386191589,HOLD
BTC_USDT,2025-03-26,86901.0,57.450808314087766,-784.9988292373891,-1643.598356742805,HOLD
BTC_USDT,2025-03-27,87228.3,65.7501931496266,-597.6539744696202,-1434.409480288168,HOLD
BTC_USDT,2025-03-28,84418.3,51.13792497856385,-668.2224902559101,-1281.1720822817163,HOLD
BTC_USDT,2025-03-29,82647.7,45.93275174764572,-857.1405867807043,-1196.365783181514,HOLD
BTC_USDT,2025-03-30,82379.7,49.482899909753826,-1016.764273952198,-1160.4454813356508,HOLD
BTC_USDT,2025-03-31,82544.8,45.933943935609214,-1117.0681396967993,-1151.7700130078806,HOLD
BTC_USDT,2025-04-01,85152.1,56.31377947051399,-974.9339246568561,-1116.4027953376758,HOLD
BTC_USDT,2025-04-02,82513.4,37.86211769455941,-1062.9594379485643,-1105.7141238598535,HOLD
BTC_USDT,2025-04-03,83194.0,46.80558966705082,-1065.5189205793868,-1097.67508320376,HOLD
BTC_USDT,2025-04-04,83887.5,49.42130263165896,-1000.0596101553383,-1078.1519885940756,HOLD
BTC_USDT,2025-04-05,83522.6,49.02503770739065,-966.4859668298886,-1055.8187842412383,HOLD
BTC_USDT,2025-04-06,78419.6,30.27356311194123,-1336.2446683061862,-1111.903961054228,HOLD
BTC_USDT,2025-04-07,79169.3,27.82068216195492,-1550.9086689693067,-1199.7049026372438,HOLD
BTC_USDT,2025-04-08,76315.1,24.250232126276742,-1929.1040122926206,-1345.5847245683192,HOLD
BTC_USDT,2025-04-09,82603.3,42.13483351695211,-1701.8040218787937,-1416.8285840304143,HOLD
BTC_USDT,2025-04-10,79602.9,37.288542451540636,-1743.674353926297,-1482.197738009591,HOLD
BTC_USDT,2025-04-11,83415.8,48.382913240270874,-1452.444849360385,-1476.2471602797498,HOLD
BTC_USDT,2025-04-12,85269.8,54.21823973230804,-1059.8240711465187,-1392.9625424531037,HOLD
BTC_USDT,2025-04-13,83756.8,52.130052126030535,-860.8325888291292,-1286.5365517283087,HOLD
BTC_USDT,2025-04-14,84341.2,52.74303095453323,-648.4987199043389,-1158.9289853635148,HOLD
DOGE_USDT,2025-01-05,0.38229,,0.0,0.0,HOLD
DOGE_USDT,2025-01-06,0.38777,,0.0004371509971510257,8.743019943020515e-05,HOLD
DOGE_USDT,2025-01-07,0.34798,,-0.0023994646147352805,-0.000409948763402892,HOLD
DOGE_USDT,2025-01-08,0.34242,,-0.005038072691116446,-0.001335573548945603,HOLD
DOGE_USDT,2025-01-09,0.32101,,-0.008755864515163025,-0.0028196317421890875,HOLD
DOGE_USDT,2025-01-10,0.33388,,-0.010542215778844344,-0.0043641485495201394,HOLD
DOGE_USDT,2025-01-11,0.34117,,-0.011240101062026664,-0.005739339052021444,HOLD
DOGE_USDT,2025-01-12,0.33589,,-0.012079981542445606,-0.007007467550106277,HOLD
DOGE_USDT,2025-01-13,0.33805,,-0.012428036260238806,-0.008091581292132784,HOLD
DOGE_USDT,2025-01-14,0.35598,,-0.011128785269789165,-0.00869902208766406,HOLD
DOGE_USDT,2025-01-15,0.3854,,-0.007637135231462089,-0.008486644716423667,HOLD
DOGE_USDT,2025-01-16,0.37644,,-0.00552923693668772,-0.007895163160476478,HOLD
DOGE_USDT,2025-01-17,0.41519,,-0.0007235703303922758,-0.006460844594459637,HOLD
DOGE_USDT,2025-01-18,0.39643,53.30899560048676,0.0015532746783052387,-0.004858020739906663,HOLD
DOGE_USDT,2025-01-19,0.3583,45.23610945629294,0.0002777170677029095,-0.0038308731783847486,HOLD
DOGE_USDT,2025-01-20,0.35455,43.357594177397424,-0.0010239615966459725,-0.0032694908620369938,HOLD
DOGE_USDT,2025-01-21,0.37186,55.246506722910624,-0.0006512715291512317,-0.0027458469954598414,HOLD
DOGE_USDT,2025-01-22,0.36272,54.390898079252466,-0.0010809727978758898,-0.0024128721559430514,HOLD
DOGE_USDT,2025-01-23,0.35193,57.01006620114265,-0.002266055298467795,-0.0023835087844480004,HOLD
DOGE_USDT,2025-01-24,0.35086,54.067260707099734,-0.0032540708724533296,-0.0025576212020490662,HOLD
DOGE_USDT,2025-01-25,0.35353,53.02763080540859,-0.0037780822666305114,-0.0028017134149653554,HOLD
DOGE_USDT,2025-01-26,0.33611,50.05086469989827,-0.005535207065297809,-0.003348412145031846,HOLD
DOGE_USDT,2025-01-27,0.33398,49.05887249687832,-0.007018707040717442,-0.004082471124168966,HOLD
DOGE_USDT,2025-01-28,0.31885,41.30159771353606,-0.009307959647776032,-0.005127568828890379,HOLD
DOGE_USDT,2025-01-29,0.32402,33.77735490009515,-0.010583038361023867,-0.006218662735317076,HOLD
DOGE_USDT,2025-01-30,0.33152,38.03537183038568,-0.010863136630821724,-0.007147557514418007,HOLD
DOGE_USDT,2025-01-31,0.32891,21.539780973743234,-0.011166995541565694,-0.007951445119847545,HOLD
DOGE_USDT,2025-02-01,0.30794,21.23024904089992,-0.012950622944096601,-0.008951280684697357,HOLD
DOGE_USDT,2025-02-02,0.26799,20.981942034573606,-0.01738736096096155,-0.010638496739950196,HOLD
DOGE_USDT,2025-02-03,0.28482,29.33191060525226,-0.01932272708857985,-0.012375342809676127,HOLD
DOGE_USDT,2025-02-04,0.26347,18.62444277195621,-0.022321971466758517,-0.014364668541092605,HOLD
DOGE_USDT,2025-02-05,0.25618,18.82607677902621,-0.024998963826109222,-0.01649152759809593,HOLD
DOGE_USDT,2025-02-06,0.24785,19.1010568816055,-0.027475935460060774,-0.018688409170488897,HOLD
DOGE_USDT,2025-02-07,0.24653,19.072745597913084,-0.02920876582329851,-0.02079248050105082,HOLD
DOGE_USDT,2025-02-08,0.25287,20.7961007311129,-0.029727778035826047,-0.022579540008005865,HOLD
DOGE_USDT,2025-02-09,0.24887,22.552227535867075,-0.030114721757483476,-0.024086576357901388,HOLD
DOGE_USDT,2025-02-10,0.25538,25.933864053888527,-0.02955537884131787,-0.025180336854584685,HOLD
DOGE_USDT,2025-02-11,0.25308,28.145145211670084,-0.02896380956123007,-0.025937031395913766,HOLD
DOGE_USDT,2025-02-12,0.26417,30.86514483023211,-0.027285585087529096,-0.026206742134236835,HOLD
DOGE_USDT,2025-02-13,0.26241,27.062728177895778,-0.02580018887494251,-0.026125431482377972,BUY
DOGE_USDT,2025-02-14,0.27181,31.866107723577244,-0.02359254011721862,-0.0256188532093461,HOLD
DOGE_USDT,2025-02-15,0.27172,36.73842999414178,-0.02160121940826437,-0.024815326449129756,HOLD
DOGE_USDT,2025-02-16,0.26558,48.82725060827249,-0.020284700682921153,-0.023909201295888038,HOLD
DOGE_USDT,2025-02-17,0.25811,35.699753720955115,-0.019617972898872515,-0.023050955616484937,HOLD
DOGE_USDT,2025-02-18,0.25133,42.29890890636894,-0.019412895884032444,-0.02232334366999444,HOLD
DOGE_USDT,2025-02-19,0.25497,49.19515764267657,-0.018740623056063332,-0.02160679954720822,HOLD
DOGE_USDT,2025-02-20,0.25468,55.08714434678984,-0.018023479124679387,-0.020890135462702453,HOLD
DOGE_USDT,2025-02-21,0.23956,45.69380946496972,-0.018462372293826745,-0.020404582828927313,HOLD
DOGE_USDT,2025-02-22,0.24657,46.139705882352956,-0.018036634779126426,-0.019930993218967137,HOLD
DOGE_USDT,2025-02-23,0.24282,46.28149969268593,-0.01779667934989826,-0.01950413044515336,HOLD
DOGE_USDT,2025-02-24,0.21056,29.07563025210085,-0.01997931621474916,-0.01959916759907252,HOLD
DOGE_USDT,2025-02-25,0.21148,30.325387816874752,-0.02138828451382324,-0.019956990982022665,HOLD
DOGE_USDT,2025-02-26,0.20348,20.432622040339083,-0.02288661255994881,-0.020542915297607895,HOLD
DOGE_USDT,2025-02-27,0.20694,23.416083580945113,-0.02352368880623007,-0.021139069999332332,HOLD
DOGE_USDT,2025-02-28,0.20189,15.033006601320267,-0.024157595394556114,-0.021742775078377092,HOLD
DOGE_USDT,2025-03-01,0.20672,18.964858670741037,-0.023993646477779573,-0.02219294935825759,HOLD
DOGE_USDT,2025-03-02,0.23924,39.954233409611,-0.02099757656887738,-0.021953874800381547,HOLD
DOGE_USDT,2025-03-03,0.19909,31.981926975210655,-0.021613788730633465,-0.021885857586431932,HOLD
DOGE_USDT,2025-03-04,0.19909,33.36305732484077,-0.021850265054167373,-0.02187873907997902,HOLD
DOGE_USDT,2025-03-05,0.20468,34.18055992450458,-0.021340606731532458,-0.02177111261028971,HOLD
DOGE_USDT,2025-03-06,0.2015,33.57019278299556,-0.02095177919406599,-0.02160724592704497,HOLD
DOGE_USDT,2025-03-07,0.19839,36.26109590869654,-0.02065646668814136,-0.02141709007926425,HOLD
DOGE_USDT,2025-03-08,0.19225,31.766917293233092,-0.020679495731213055,-0.02126957120965401,HOLD
DOGE_USDT,2025-03-09,0.16798,27.92069860750533,-0.022397943035828066,-0.02149524557488882,HOLD
DOGE_USDT,2025-03-10,0.15406,31.308720391689832,-0.02459948502051698,-0.022116093464014455,HOLD
DOGE_USDT,2025-03-11,0.16455,35.39916619998756,-0.025207194723387005,-0.022734313715888965,HOLD
DOGE_USDT,2025-03-12,0.17241,40.32509186024788,-0.02476905053363121,-0.023141261079437415,HOLD
DOGE_USDT,2025-03-13,0.16522,37.303712720633,-0.024717068042698548,-0.023456422472089643,HOLD
DOGE_USDT,2025-03-14,0.17195,40.98084106518857,-0.02385779893393139,-0.023536697764457992,HOLD
DOGE_USDT,2025-03-15,0.17594,40.6806346130556,-0.022594408048898063,-0.023348239821346005,HOLD
DOGE_USDT,2025-03-16,0.16815,24.684851506302962,-0.021968510255223506,-0.023072293908121506,BUY
DOGE_USDT,2025-03-17,0.17333,37.78452200303492,-0.020814561724507297,-0.022620747471398663,HOLD
DOGE_USDT,2025-03-18,0.16805,35.98265895953759,-0.0200944645938948,-0.022115490895897892,HOLD
DOGE_USDT,2025-03-19,0.17794,38.37593462006607,-0.018512343313854873,-0.02139486137948929,HOLD
DOGE_USDT,2025-03-20,0.16938,36.66112956810631,-0.017744671731899336,-0.020664823449971302,HOLD
DOGE_USDT,2025-03-21,0.16726,36.96507830164978,-0.017110117965616206,-0.019953882353100284,HOLD
DOGE_USDT,2025-03-22,0.16737,39.02804727465161,-0.016409198428321836,-0.019244945568144597,HOLD
DOGE_USDT,2025-03-23,0.17259,52.443549242022684,-0.015256635275987807,-0.01844728350971324,HOLD
DOGE_USDT,2025-03-24,0.18305,65.95135908440628,-0.013345349213321728,-0.01742689665043494,HOLD
DOGE_USDT,2025-03-25,0.19069,64.84889797773232,-0.011086360426750597,-0.016158789405698072,HOLD
DOGE_USDT,2025-03-26,0.19489,63.32385016595543,-0.008855114392522512,-0.01469805440306296,HOLD
DOGE_USDT,2025-03-27,0.19046,65.46568627450978,-0.007359464486588557,-0.01323033641976808,HOLD
DOGE_USDT,2025-03-28,0.18024,54.871312727700094,-0.006919061118844438,-0.011968081359583351,HOLD
DOGE_USDT,2025-03-29,0.16952,46.504029623175775,-0.007350322741052379,-0.011044529635877157,HOLD
DOGE_USDT,2025-03-30,0.16648,49.04100149305157,-0.007846948539180498,-0.010405013416537826,HOLD
DOGE_USDT,2025-03-31,0.16663,45.916626036079954,-0.008134653098521016,-0.009950941352934464,HOLD
DOGE_USDT,2025-04-01,0.17398,53.52514564261086,-0.007681035267821712,-0.009496960135911916,HOLD
DOGE_USDT,2025-04-02,0.16388,41.66271347248578,-0.008043801522768734,-0.00920632841328328,HOLD
DOGE_USDT,2025-04-03,0.1623,45.42280837858805,-0.008362392730801083,-0.009037541276786841,HOLD
DOGE_USDT,2025-04-04,0.17126,52.37586124970301,-0.007801945469506771,-0.008790422115330827,HOLD
DOGE_USDT,2025-04-05,0.169,50.94405189389553,-0.007454222453170706,-0.008523182182898803,HOLD
DOGE_USDT,2025-04-06,0.14928,38.44094019637013,-0.00866994689959491,-0.008552535126238025,HOLD
DOGE_USDT,2025-04-07,0.14956,31.527854384997255,-0.009501298566741007,-0.008742287814338622,HOLD
DOGE_USDT,2025-04-08,0.14226,23.186801018713325,-0.010626701741094868,-0.009119170599689872,HOLD
DOGE_USDT,2025-04-09,0.16034,33.419713984067585,-0.009945046658425188,-0.009284345811436934,HOLD
DOGE_USDT,2025-04-10,0.15357,32.685628461466266,-0.009837709523474014,-0.00939501855384435,HOLD
DOGE_USDT,2025-04-11,0.16006,40.18482490272373,-0.00912378203001113,-0.009340771249077708,HOLD
DOGE_USDT,2025-04-12,0.16756,49.01586663988752,-0.007862171805446072,-0.00904505136035138,HOLD
DOGE_USDT,2025-04-13,0.16261,48.09340821755839,-0.007179005141693423,-0.00867184211661979,HOLD
DOGE_USDT,2025-04-14,0.16517,49.29740134744948,-0.006357732055941978,-0.008209020104484228,HOLD
SOL_USDT,2025-01-05,213.421,,0.0,0.0,HOLD
SOL_USDT,2025-01-06,218.231,,0.3837037037037021,0.07674074074074043,HOLD
SOL_USDT,2025-01-07,202.147,,-0.603100559248702,-0.05922751925714806,HOLD
SOL_USDT,2025-01-08,197.468,,-1.7426184227099952,-0.3959056999477175,HOLD
SOL_USDT,2025-01-09,184.951,,-3.61405129667304,-1.039534819292782,HOLD
SOL_USDT,2025-01-10,187.694,,-4.820273049246083,-1.7956824652834422,HOLD
SOL_USDT,2025-01-11,188.048,,-5.682147379048359,-2.572975448036426,HOLD
SOL_USDT,2025-01-12,188.519,,-6.255078578989782,-3.309396074227098,HOLD
SOL_USDT,2025-01-13,182.841,,-7.085619221918364,-4.064640703765351,HOLD
SOL_USDT,2025-01-14,187.561,,-7.279055688920323,-4.7075237007963455,HOLD
SOL_USDT,2025-01-15,205.874,,-5.886790178008226,-4.9433769962387215,HOLD
SOL_USDT,2025-01-16,211.088,,-4.312966314153954,-4.817294859821768,HOLD
SOL_USDT,2025-01-17,219.433,,-2.365064810403112,-4.326848849938036,HOLD
SOL_USDT,2025-01-18,261.906,69.17904130505298,2.576180696072953,-2.9462429407358384,HOLD
SOL_USDT,2025-01-19,252.438,64.35831573059343,5.662886654752782,-1.2244170216381145,HOLD
SOL_USDT,2025-01-20,242.142,58.45778359449613,7.195378369903608,0.4595420566702302,HOLD
SOL_USDT,2025-01-21,250.367,68.06046623119794,8.970175259324861,2.1616686972011565,HOLD
SOL_USDT,2025-01-22,257.405,72.05918074417578,10.819897320731002,3.893314421907126,HOLD
SOL_USDT,2025-01-23,253.067,76.67533444030204,11.799754806781607,5.474602498882023,HOLD
SOL_USDT,2025-01-24,253.391,76.2248816433413,12.45882543195765,6.871447085497149,HOLD
SOL_USDT,2025-01-25,256.428,76.72346412380804,13.075478196047612,8.112253307607242,HOLD
SOL_USDT,2025-01-26,240.519,68.13388385944846,12.140508387901036,8.917904323666,HOLD
SOL_USDT,2025-01-27,234.887,68.15575028604917,10.820352459718947,9.29839395087659,HOLD
SOL_USDT,2025-01-28,227.064,63.48823710178578,9.038676419579502,9.246450444617174,HOLD
SOL_USDT,2025-01-29,228.167,58.62565293093442,7.627760132637462,8.922712382221231,HOLD
SOL_USDT,2025-01-30,238.305,60.14431713989669,7.244144692638542,8.586998844304695,HOLD
SOL_USDT,2025-01-31,231.77,54.66113541737508,6.3397263884498045,8.137544353133716,HOLD
SOL_USDT,2025-02-01,212.983,27.4865857362429,4.060210892137263,7.322077660934426,HOLD
SOL_USDT,2025-02-02,203.462,27.47318455283056,1.4684855216116262,6.151359233069866,HOLD
SOL_USDT,2025-02-03,216.278,38.373222088360635,0.443555553004785,5.00979849705685,HOLD
SOL_USDT,2025-02-04,206.61,30.58161517365025,-1.1357434885305508,3.7806900999393696,HOLD
SOL_USDT,2025-02-05,196.108,23.609137798902992,-3.197909478468148,2.3849701842578663,HOLD
SOL_USDT,2025-02-06,189.537,23.163746346079108,-5.3013055164138905,0.8477150441235148,HOLD
SOL_USDT,2025-02-07,192.047,24.5570376269162,-6.688623716896586,-0.6595527080805055,HOLD
SOL_USDT,2025-02-08,199.343,27.131422711139237,-7.117313204831532,-1.951104807430711,HOLD
SOL_USDT,2025-02-09,200.492,31.814340623892548,-7.28041393520985,-3.0169666329865388,HOLD
SOL_USDT,2025-02-10,200.463,33.520986519607845,-7.32754511786851,-3.8790823299629333,HOLD
SOL_USDT,2025-02-11,197.969,35.32319736881931,-7.479918037411693,-4.599249471452685,HOLD
SOL_USDT,2025-02-12,196.768,34.17660279992339,-7.609863566541975,-5.201372290470544,HOLD
SOL_USDT,2025-02-13,194.237,25.948040606920642,-7.826853783763227,-5.72646858912908,HOLD
SOL_USDT,2025-02-14,199.43,32.086675233748394,-7.493409039036123,-6.079856679110489,HOLD
SOL_USDT,2025-02-15,194.471,37.89115646258503,-7.542357925201088,-6.372356928328609,HOLD
SOL_USDT,2025-02-16,188.251,39.60130710017912,-7.990937731453386,-6.696073088953564,HOLD
SOL_USDT,2025-02-17,177.526,22.72829636302218,-9.106879884711418,-7.178234448105135,HOLD
SOL_USDT,2025-02-18,169.311,23.202816294274015,-10.532739065928268,-7.849135371669762,HOLD
SOL_USDT,2025-02-19,168.927,27.149990752727945,-11.560466469264213,-8.591401591188653,HOLD
SOL_USDT,2025-02-20,176.049,38.765242886652906,-11.665786042028685,-9.206278481356659,HOLD
SOL_USDT,2025-02-21,168.92,32.11285906538588,-12.184053102832479,-9.801833405651823,HOLD
SOL_USDT,2025-02-22,172.078,27.47029367532106,-12.199332958415681,-10.281333316204595,HOLD
SOL_USDT,2025-02-23,167.965,24.37729428260839,-12.400383181924838,-10.705143289348644,HOLD
SOL_USDT,2025-02-24,141.891,17.28479188543089,-14.496563463227744,-11.463427324124464,HOLD
SOL_USDT,2025-02-25,144.345,20.03509242495366,-15.777906265237391,-12.32632311234705,HOLD
SOL_USDT,2025-02-26,135.337,18.42730122834972,-17.320589015926004,-13.325176293062842,HOLD
SOL_USDT,2025-02-27,137.681,20.87684607303966,-18.1448722078795,-14.289115476026176,HOLD
SOL_USDT,2025-02-28,148.163,24.964106771367497,-17.74772801687007,-14.980837984194956,HOLD
SOL_USDT,2025-03-01,143.66,25.07578656149751,-17.593535525146194,-15.503377492385205,HOLD
SOL_USDT,2025-03-02,178.726,46.35830459484466,-14.474945561258323,-15.29769110615983,HOLD
SOL_USDT,2025-03-03,142.112,38.69761147919779,-14.787424130163743,-15.195637710960613,HOLD
SOL_USDT,2025-03-04,144.817,41.8977744846384,-14.647942392067819,-15.086098647182055,HOLD
SOL_USDT,2025-03-05,146.292,42.566355987310104,-14.254069891940645,-14.919692896133775,HOLD
SOL_USDT,2025-03-06,143.289,38.94199611147117,-14.022596338941383,-14.740273584695299,HOLD
SOL_USDT,2025-03-07,139.392,39.81062279151945,-13.992312542842882,-14.590681376324817,HOLD
SOL_USDT,2025-03-08,137.009,37.83348713927881,-13.999226234870093,-14.472390348033873,HOLD
SOL_USDT,2025-03-09,126.495,36.22460504112357,-14.683831250163536,-14.514678528459807,HOLD
SOL_USDT,2025-03-10,118.306,41.10919275918485,-15.706119153881616,-14.75296665354417,HOLD
SOL_USDT,2025-03-11,125.357,43.08188932771762,-15.765596922847266,-14.95549270740479,HOLD
SOL_USDT,2025-03-12,126.614,46.631604148807185,-15.532257888015835,-15.070845743527,HOLD
SOL_USDT,2025-03-13,123.369,44.511596514909805,-15.431297015848543,-15.14293599799131,HOLD
SOL_USDT,2025-03-14,133.564,44.389186530050644,-14.3630650275027,-14.986961803893589,HOLD
SOL_USDT,2025-03-15,135.871,46.95506680948547,-13.178415292730278,-14.625252501660928,HOLD
SOL_USDT,2025-03-16,126.132,24.36289898024843,-12.876989827678045,-14.275599966864352,BUY
SOL_USDT,2025-03-17,128.018,39.613241753382674,-12.343633810014012,-13.889206735494284,HOLD
SOL_USDT,2025-03-18,125.376,35.659383621261966,-11.995851929393865,-13.5105357742742,HOLD
SOL_USDT,2025-03-19,135.335,42.8166834935162,-10.792218240253959,-12.966872267470151,HOLD
SOL_USDT,2025-03-20,127.582,40.306355456262274,-10.344685085055971,-12.442434830987317,HOLD
SOL_USDT,2025-03-21,128.488,43.012585548406946,-9.803892042264891,-11.914726273242831,HOLD
SOL_USDT,2025-03-22,128.514,44.3867369728687,-9.266394449852896,-11.385059908564845,HOLD
SOL_USDT,2025-03-23,132.833,54.5614186602182,-8.395142553235473,-10.787076437498971,HOLD
SOL_USDT,2025-03-24,140.997,66.33644832898962,-6.965607391461333,-10.022782628291445,HOLD
SOL_USDT,2025-03-25,143.662,64.06713493075941,-5.5536284767783,-9.128951797988815,HOLD
SOL_USDT,2025-03-26,137.385,57.68445985474365,-4.884817321664514,-8.280124902723955,HOLD
SOL_USDT,2025-03-27,138.446,61.10251991929188,-4.220514367411084,-7.468202795661381,HOLD
SOL_USDT,2025-03-28,129.485,46.94067351683794,-4.366789666871682,-6.847920169903442,HOLD
SOL_USDT,2025-03-29,124.548,41.82985785410202,-4.825463594746822,-6.443428854872118,HOLD
SOL_USDT,2025-03-30,124.825,48.907793358180264,-5.107735605535083,-6.176290205004712,HOLD
SOL_USDT,2025-03-31,124.534,47.008825852536155,-5.2938947523858815,-5.999811114480946,HOLD
SOL_USDT,2025-04-01,126.672,51.12238888696435,-5.208863944335803,-5.841621680451918,HOLD
SOL_USDT,2025-04-02,117.417,34.29072418025601,-5.8211746907998645,-5.837532282521508,HOLD
SOL_USDT,2025-04-03,117.134,39.45924132364811,-6.257142658077399,-5.921454357632687,HOLD
SOL_USDT,2025-04-04,122.771,44.73485476414139,-6.077731320097399,-5.95270975012563,HOLD
SOL_USDT,2025-04-05,120.31,42.768748016782425,-6.064224074442436,-5.975012614988991,HOLD
SOL_USDT,2025-04-06,105.9,29.845697951120243,-7.134049177425652,-6.206819927476324,HOLD
SOL_USDT,2025-04-07,106.977,21.52184831742842,-7.805017002527336,-6.526459342486526,HOLD
SOL_USDT,2025-04-08,105.408,17.378995122283996,-8.366920375441438,-6.8945515490775096,HOLD
SOL_USDT,2025-04-09,119.058,36.117381489841996,-7.6229196519360585,-7.0402251696492195,HOLD
SOL_USDT,2025-04-10,112.811,31.996123214360964,-7.45147840529296,-7.1224758167779685,HOLD
SOL_USDT,2025-04-11,121.386,44.28093267614782,-6.548195623389759,-7.007619778100327,HOLD
SOL_USDT,2025-04-12,132.242,55.01394572895758,-4.899866428184808,-6.586069108117224,HOLD
SOL_USDT,2025-04-13,128.36,52.20027137717694,-3.862276700566298,-6.041310626607039,HOLD
SOL_USDT,2025-04-14,130.387,53.565988765277154,-2.8436377208017376,-5.401776045445979,HOLD
SHIB_USDT,2025-01-05,2.392e-05,,0.0,0.0,HOLD
SHIB_USDT,2025-01-06,2.4054e-05,,1.0689458689458817e-08,2.1378917378917634e-09,HOLD
SHIB_USDT,2025-01-07,2.1781e-05,,-1.6237936380386235e-07,-3.0765559370459065e-08,HOLD
SHIB_USDT,2025-01-08,2.1296e-05,,-3.348135767111247e-07,-9.157516283859219e-08,HOLD
SHIB_USDT,2025-01-09,2.1052e-05,,-4.855604548953189e-07,-1.7037222124993753e-07,HOLD
SHIB_USDT,2025-01-10,2.1561e-05,,-5.575295423057823e-07,-2.478036854611065e-07,HOLD
SHIB_USDT,2025-01-11,2.2202e-05,,-5.564280632990976e-07,-3.095285610287047e-07,HOLD
SHIB_USDT,2025-01-12,2.1556e-05,,-6.007567841536994e-07,-3.6777420565370363e-07,HOLD
SHIB_USDT,2025-01-13,2.1205e-05,,-6.566410322972937e-07,-4.255475709824217e-07,HOLD
SHIB_USDT,2025-01-14,2.1622e-05,,-6.596769414434471e-07,-4.723734450746268e-07,HOLD
SHIB_USDT,2025-01-15,2.2732e-05,,-5.659908082509071e-07,-4.910969177098829e-07,HOLD
SHIB_USDT,2025-01-16,2.2009e-05,,-5.438151676214107e-07,-5.016405676921885e-07,HOLD
SHIB_USDT,2025-01-17,2.4196e-05,,-3.4578222789606445e-07,-4.704688997329637e-07,HOLD
SHIB_USDT,2025-01-18,2.2771e-05,44.84522207267832,-3.0036289075630764e-07,-4.3644769793763247e-07,HOLD
SHIB_USDT,2025-01-19,2.0336e-05,36.80412371134019,-4.556000153248042e-07,-4.4027816141506687e-07,HOLD
SHIB_USDT,2025-01-20,2.0334e-05,36.168947055324196,-5.721920643135134e-07,-4.6666094199475623e-07,HOLD
SHIB_USDT,2025-01-21,2.09e-05,46.24819010305766,-6.118674068053671e-07,-4.957022349568784e-07,HOLD
SHIB_USDT,2025-01-22,2.0174e-05,45.31797696544816,-6.938937588225679e-07,-5.353405397300164e-07,HOLD
SHIB_USDT,2025-01-23,2.0141e-05,46.13032027865091,-7.528842766842241e-07,-5.788492871208579e-07,HOLD
SHIB_USDT,2025-01-24,1.9962e-05,43.011974477755444,-8.04801243365758e-07,-6.240396783698379e-07,HOLD
SHIB_USDT,2025-01-25,1.9935e-05,39.530802623071956,-8.384592515251869e-07,-6.669235930009078e-07,HOLD
SHIB_USDT,2025-01-26,1.909e-05,38.81734083076364,-9.226818020600668e-07,-7.180752348127397e-07,HOLD
SHIB_USDT,2025-01-27,1.8968e-05,39.64064091877373,-9.878854322277299e-07,-7.720372742957378e-07,HOLD
SHIB_USDT,2025-01-28,1.796e-05,33.92167193537057,-1.1081232002254428e-06,-8.392544594816789e-07,HOLD
SHIB_USDT,2025-01-29,1.8298e-05,29.116428033157504,-1.162735432129915e-06,-9.039506540113262e-07,HOLD
SHIB_USDT,2025-01-30,1.8688e-05,33.85198871924537,-1.1611611359624202e-06,-9.55392750401545e-07,HOLD
SHIB_USDT,2025-01-31,1.8899e-05,18.117250511616703,-1.1298631986692294e-06,-9.90286840055082e-07,HOLD
SHIB_USDT,2025-02-01,1.7611e-05,18.421052631578945,-1.195212527585738e-06,-1.0312719775612132e-06,HOLD
SHIB_USDT,2025-02-02,1.5516e-05,19.220945083014044,-1.3999139957957027e-06,-1.1050003812081111e-06,HOLD
SHIB_USDT,2025-02-03,1.6804e-05,30.638437911364647,-1.4415927643841865e-06,-1.1723188578433262e-06,HOLD
SHIB_USDT,2025-02-04,1.5746e-05,23.178601165695255,-1.5422175230858878e-06,-1.2462985908918385e-06,HOLD
SHIB_USDT,2025-02-05,1.5774e-05,25.308641975308632,-1.6012458380449254e-06,-1.317288040322456e-06,HOLD
SHIB_USDT,2025-02-06,1.4856e-05,23.02194997447677,-1.7024760467673084e-06,-1.3943256416114266e-06,HOLD
SHIB_USDT,2025-02-07,1.5101e-05,25.352398336882672,-1.7428418678829395e-06,-1.4640288868657291e-06,HOLD
SHIB_USDT,2025-02-08,1.5963e-05,31.432311144353022,-1.685842532655776e-06,-1.5083916160237384e-06,HOLD
SHIB_USDT,2025-02-09,1.5665e-05,33.12641639570401,-1.6457451328891322e-06,-1.5358623193968173e-06,HOLD
SHIB_USDT,2025-02-10,1.5808e-05,34.46411012782693,-1.5841674534948777e-06,-1.5455233462164297e-06,HOLD
SHIB_USDT,2025-02-11,1.5689e-05,37.7653270121754,-1.5273625200265007e-06,-1.541891180978444e-06,HOLD
SHIB_USDT,2025-02-12,1.6993e-05,43.63228261930321,-1.3614285975652171e-06,-1.5057986642957988e-06,HOLD
SHIB_USDT,2025-02-13,1.6299e-05,38.67879821817838,-1.2712703552087692e-06,-1.458893002478393e-06,HOLD
SHIB_USDT,2025-02-14,1.6715e-05,39.84752696169579,-1.152960959001197e-06,-1.3977065937829537e-06,HOLD
SHIB_USDT,2025-02-15,1.632e-05,43.45533813241406,-1.0786392273969588e-06,-1.3338931205057548e-06,HOLD
SHIB_USDT,2025-02-16,1.5969e-05,52.78975243256559,-1.0361177655714526e-06,-1.2743380495188944e-06,HOLD
SHIB_USDT,2025-02-17,1.575e-05,42.524822695035446,-1.0084657055592037e-06,-1.2211635807269562e-06,HOLD
SHIB_USDT,2025-02-18,1.5228e-05,46.02394841879029,-1.016949525144372e-06,-1.1803207696104395e-06,HOLD
SHIB_USDT,2025-02-19,1.5419e-05,47.34162048824322,-9.967707567265482e-07,-1.1436107670336612e-06,HOLD
SHIB_USDT,2025-02-20,1.5545e-05,55.853865760407835,-9.595506873766692e-07,-1.1067987511022629e-06,HOLD
SHIB_USDT,2025-02-21,1.5078e-05,49.8116915015556,-9.567081750669167e-07,-1.0767806358951937e-06,HOLD
SHIB_USDT,2025-02-22,1.5602e-05,46.87120818166061,-9.017779084417034e-07,-1.0417800904044958e-06,HOLD
SHIB_USDT,2025-02-23,1.5455e-05,48.131007475970094,-8.60191199166202e-07,-1.005462312156837e-06,HOLD
SHIB_USDT,2025-02-24,1.3637e-05,35.11586452762924,-9.62831911851593e-07,-9.969362320957883e-07,HOLD
SHIB_USDT,2025-02-25,1.4098e-05,39.580877537655546,-9.955010524244601e-07,-9.966491961615227e-07,HOLD
SHIB_USDT,2025-02-26,1.4429e-05,30.75652957069947,-9.8334723318754e-07,-9.939888035667263e-07,HOLD
SHIB_USDT,2025-02-27,1.4426e-05,34.31585998995142,-9.628580901023427e-07,-9.877626608738495e-07,HOLD
SHIB_USDT,2025-02-28,1.3935e-05,27.009593119417815,-9.750006920714662e-07,-9.852102671133728e-07,BUY
SHIB_USDT,2025-03-01,1.3645e-05,27.486955058071047,-9.965369107985987e-07,-9.87475595850418e-07,HOLD
SHIB_USDT,2025-03-02,1.5154e-05,44.25975489505564,-8.816774022708688e-07,-9.663159571345083e-07,HOLD
SHIB_USDT,2025-03-03,1.2901e-05,34.40271542757036,-9.613666488400728e-07,-9.653260954756213e-07,HOLD
SHIB_USDT,2025-03-04,1.3087e-05,37.83107877685574,-9.980078916069401e-07,-9.71862454701885e-07,HOLD
SHIB_USDT,2025-03-05,1.3365e-05,38.43989194056732,-9.93165470508537e-07,-9.761230578632155e-07,HOLD
SHIB_USDT,2025-03-06,1.3396e-05,37.77449084082375,-9.755804913515713e-07,-9.760145445608867e-07,HOLD
SHIB_USDT,2025-03-07,1.3144e-05,38.72171681828784,-9.707879237345593e-07,-9.749692203956213e-07,HOLD
SHIB_USDT,2025-03-08,1.2665e-05,32.78227224762574,-9.941807790347974e-07,-9.788115321234565e-07,HOLD
SHIB_USDT,2025-03-09,1.1644e-05,29.735190896522383,-1.0826261126286038e-06,-9.99574448224486e-07,HOLD
SHIB_USDT,2025-03-10,1.1497e-05,36.161407139161916,-1.1513097658701485e-06,-1.0299215117536186e-06,HOLD
SHIB_USDT,2025-03-11,1.2043e-05,36.85557119099399,-1.1484458501377944e-06,-1.053626379430454e-06,HOLD
SHIB_USDT,2025-03-12,1.2329e-05,36.48996397323726,-1.1102995247048938e-06,-1.064961008485342e-06,HOLD
SHIB_USDT,2025-03-13,1.2028e-05,35.142503097893425,-1.091771212474504e-06,-1.0703230492831744e-06,HOLD
SHIB_USDT,2025-03-14,1.2777e-05,43.04755043227666,-1.00506360360483e-06,-1.0572711601475055e-06,HOLD
SHIB_USDT,2025-03-15,1.2826e-05,44.93631754667985,-9.217677436231213e-07,-1.0301704768426287e-06,HOLD
SHIB_USDT,2025-03-16,1.3113e-05,35.13474144209759,-8.231083918582725e-07,-9.887580598457575e-07,HOLD
SHIB_USDT,2025-03-17,1.2955e-05,50.56603773584906,-7.49035014927314e-07,-9.408134508620689e-07,HOLD
SHIB_USDT,2025-03-18,1.2543e-05,44.555644515612485,-7.153304032016083e-07,-8.957168413299769e-07,HOLD
SHIB_USDT,2025-03-19,1.2938e-05,45.824369254840605,-6.492617711862924e-07,-8.4642582730124e-07,HOLD
SHIB_USDT,2025-03-20,1.2934e-05,45.458120330318515,-5.90418691730574e-07,-7.952244001871068e-07,HOLD
SHIB_USDT,2025-03-21,1.2502e-05,43.90429168249145,-5.720496842740346e-07,-7.505894570044925e-07,HOLD
SHIB_USDT,2025-03-22,1.2802e-05,51.346569687438574,-5.272073031126542e-07,-7.059130262261249e-07,HOLD
SHIB_USDT,2025-03-23,1.2958e-05,65.56134533396494,-4.7362187852054575e-07,-6.594547966850091e-07,HOLD
SHIB_USDT,2025-03-24,1.3533e-05,71.89247311827958,-3.803726498113957e-07,-6.036383673102865e-07,HOLD
SHIB_USDT,2025-03-25,1.3851e-05,70.44323835368613,-2.7761188487047883e-07,-5.384330708223249e-07,HOLD
SHIB_USDT,2025-03-26,1.421e-05,70.92324805339265,-1.6529946920599376e-07,-4.6380635049905865e-07,HOLD
SHIB_USDT,2025-03-27,1.4026e-05,72.81863864778435,-9.009971939244109e-08,-3.8906502427773515e-07,HOLD
SHIB_USDT,2025-03-28,1.3245e-05,55.306122448979586,-9.245775336310431e-08,-3.29743570094809e-07,HOLD
SHIB_USDT,2025-03-29,1.268e-05,48.518067397482746,-1.383227913359826e-07,-2.914594143430437e-07,HOLD
SHIB_USDT,2025-03-30,1.2444e-05,43.138461538461534,-1.915068206157476e-07,-2.714688955975845e-07,HOLD
SHIB_USDT,2025-03-31,1.2392e-05,44.09729503040469,-2.351409538621096e-07,-2.6420330725048954e-07,HOLD
SHIB_USDT,2025-04-01,1.2676e-05,51.43288084464555,-2.4399230094843394e-07,-2.601611059900784e-07,HOLD
SHIB_USDT,2025-04-02,1.2053e-05,40.911891558841646,-2.978445836975676e-07,-2.6769780153157624e-07,HOLD
SHIB_USDT,2025-04-03,1.2234e-05,43.063812921125646,-3.222035564076031e-07,-2.7859895250678164e-07,HOLD
SHIB_USDT,2025-04-04,1.2315e-05,48.008519701810435,-3.311548477740675e-07,-2.8911013156023884e-07,HOLD
SHIB_USDT,2025-04-05,1.2333e-05,44.68615454339452,-3.3295822593555086e-07,-2.9787975043530125e-07,HOLD
SHIB_USDT,2025-04-06,1.1328e-05,34.51159255036109,-4.1074767348730544e-07,-3.204533350457021e-07,HOLD
SHIB_USDT,2025-04-07,1.142e-05,27.89286461602846,-4.5967390534708924e-07,-3.4829744910597957e-07,HOLD
SHIB_USDT,2025-04-08,1.0653e-05,19.414690130068877,-5.539531593073511e-07,-3.894285911462539e-07,HOLD
SHIB_USDT,2025-04-09,1.1925e-05,31.39553818596322,-5.200357296829707e-07,-4.155500188535973e-07,HOLD
SHIB_USDT,2025-04-10,1.1638e-05,30.87764253683538,-5.104304987273105e-07,-4.3452611482834e-07,HOLD
SHIB_USDT,2025-04-11,1.2209e-05,41.415313225058014,-4.515383035486321e-07,-4.3792855257239844e-07,HOLD
SHIB_USDT,2025-04-12,1.2536e-05,48.75776397515527,-3.7416648905196424e-07,-4.251761398683116e-07,HOLD
SHIB_USDT,2025-04-13,1.2055e-05,46.780334381724884,-3.476539108673727e-07,-4.096716940681239e-07,HOLD
SHIB_USDT,2025-04-14,1.2173e-05,48.20697560176847,-3.135069745590186e-07,-3.9043875016630286e-07,HOLD
ETH_USDT,2025-01-05,3635.72,,0.0,0.0,HOLD
ETH_USDT,2025-01-06,3686.99,,4.08991452991404,0.8179829059828081,HOLD
ETH_USDT,2025-01-07,3381.11,,-17.15302895268769,-2.776219465751292,HOLD
ETH_USDT,2025-01-08,3327.16,,-37.9045883313338,-9.801893238867795,HOLD
ETH_USDT,2025-01-09,3219.36,,-62.33040165270768,-20.307594921635772,HOLD
ETH_USDT,2025-01-10,3267.24,,-76.93762973466482,-31.633601884241585,HOLD
ETH_USDT,2025-01-11,3283.24,,-86.22890381899424,-42.55266227119212,HOLD
ETH_USDT,2025-01-12,3266.97,,-93.82361822900702,-52.8068534627551,HOLD
ETH_USDT,2025-01-13,3137.25,,-109.05271221714838,-64.05602521363376,HOLD
ETH_USDT,2025-01-14,3225.08,,-112.73519084355894,-73.7918583396188,HOLD
ETH_USDT,2025-01-15,3450.69,,-96.3382132335555,-78.30112931840614,HOLD
ETH_USDT,2025-01-16,3307.96,,-93.77957592391112,-81.39681863950713,HOLD
ETH_USDT,2025-01-17,3473.49,,-77.5015600724928,-80.61776692610427,HOLD
ETH_USDT,2025-01-18,3308.28,39.198247651219255,-77.04406548722181,-79.90302663832779,HOLD
ETH_USDT,2025-01-19,3214.3,36.90965794018612,-83.3046145672838,-80.58334422411899,HOLD
ETH_USDT,2025-01-20,3283.91,37.62039312039311,-81.70732835288982,-80.80814104987316,HOLD
ETH_USDT,2025-01-21,3327.6,48.041089170528835,-76.0395134743435,-79.85441553476724,HOLD
ETH_USDT,2025-01-22,3242.83,46.98094699383516,-77.49464981195706,-79.3824623902052,HOLD
ETH_USDT,2025-01-23,3338.44,54.30065586085349,-70.12457543473693,-77.53088499911155,HOLD
ETH_USDT,2025-01-24,3309.93,51.56365607624518,-65.82546217127765,-75.18980043354478,HOLD
ETH_USDT,2025-01-25,3318.69,51.30539169115428,-61.00825990308249,-72.35349232745233,HOLD
ETH_USDT,2025-01-26,3233.03,48.81097518252268,-63.37212411001701,-70.55721868396526,HOLD
ETH_USDT,2025-01-27,3182.34,51.67224204303549,-68.5456117466747,-70.15489729650716,HOLD
ETH_USDT,2025-01-28,3077.63,44.59917806412859,-80.17070192643041,-72.15805822249182,HOLD
ETH_USDT,2025-01-29,3114.04,35.68506722681927,-85.46055090570962,-74.81855675913539,HOLD
ETH_USDT,2025-01-30,3247.25,47.397436447035616,-78.00467132074937,-75.45577967145819,HOLD
ETH_USDT,2025-01-31,3300.81,41.81130142832755,-67.00163550551542,-73.76495083826964,HOLD
ETH_USDT,2025-02-01,3117.18,41.09340044742728,-72.26601900633796,-73.4651644718833,HOLD
ETH_USDT,2025-02-02,2869.22,35.935538564371754,-95.34727651830599,-77.84158688116784,HOLD
ETH_USDT,2025-02-03,2880.28,32.72472030336495,-111.46202497904096,-84.56567450074247,HOLD
ETH_USDT,2025-02-04,2730.77,26.57744986460503,-134.7440412946703,-94.60134785952805,HOLD
ETH_USDT,2025-02-05,2788.26,31.770093922696276,-146.8632957722184,-105.05373744206612,HOLD
ETH_USDT,2025-02-06,2687.31,23.998690210923982,-162.73777382987328,-116.59054471962756,HOLD
ETH_USDT,2025-02-07,2622.06,23.314582767583545,-178.52560964336544,-128.97755770437513,HOLD
ETH_USDT,2025-02-08,2631.96,23.38235180117678,-188.07077320500866,-140.79620080450184,HOLD
ETH_USDT,2025-02-09,2627.22,24.947273524279012,-193.78404068829013,-151.3937687812595,HOLD
ETH_USDT,2025-02-10,2661.1,28.140674014057353,-193.34920420723392,-159.7848558664544,HOLD
ETH_USDT,2025-02-11,2602.41,29.270484366275852,-195.4869339818224,-166.925271489528,HOLD
ETH_USDT,2025-02-12,2738.06,34.906220894755464,-184.11293954331677,-170.36280510028578,HOLD
ETH_USDT,2025-02-13,2675.59,25.66865859679592,-178.0868990055328,-171.9076238813352,HOLD
ETH_USDT,2025-02-14,2725.52,25.438259429088674,-167.35314190036843,-170.99672748514186,BUY
ETH_USDT,2025-02-15,2693.29,29.215169018642584,-159.60739896155974,-168.71886178042544,BUY
ETH_USDT,2025-02-16,2661.68,37.08300139414463,-154.24150464811692,-165.82339035396373,HOLD
ETH_USDT,2025-02-17,2743.73,42.19134213987534,-141.73441930683703,-161.0055961445384,HOLD
ETH_USDT,2025-02-18,2671.38,46.275041081799834,-136.09172373396132,-156.02282166242298,HOLD
ETH_USDT,2025-02-19,2716.04,45.396246621449315,-126.5572844818912,-150.12971422631662,HOLD
ETH_USDT,2025-02-20,2738.01,53.59380759307042,-115.89244137007654,-143.28225965506863,HOLD
ETH_USDT,2025-02-21,2662.88,52.853507815339896,-112.20935982811307,-137.06767968967753,HOLD
ETH_USDT,2025-02-22,2763.36,58.152983222475925,-100.02951691257886,-129.6600471342578,HOLD
ETH_USDT,2025-02-23,2819.44,61.2123474649432,-84.8733491934272,-120.7027075460917,HOLD
ETH_USDT,2025-02-24,2513.67,43.47117539213689,-96.42354999245754,-115.84687603536487,HOLD
ETH_USDT,2025-02-25,2495.46,45.08768223114305,-105.82665831087161,-113.84283249046622,HOLD
ETH_USDT,2025-02-26,2335.96,31.92711517025637,-124.71141088728291,-116.01654816982958,HOLD
ETH_USDT,2025-02-27,2307.51,32.93429276163276,-140.35546021766504,-120.88433057939667,HOLD
ETH_USDT,2025-02-28,2237.24,27.78040700425936,-156.61828564497137,-128.03112159251162,HOLD
ETH_USDT,2025-03-01,2217.5,28.099827851270874,-169.14969262482646,-136.2548357989746,HOLD
ETH_USDT,2025-03-02,2518.17,44.705717426752166,-153.05504347656688,-139.61487733449306,HOLD
ETH_USDT,2025-03-03,2148.88,31.892704724912804,-168.16008994472122,-145.3239198565387,HOLD
ETH_USDT,2025-03-04,2171.56,34.31100508506496,-176.26894299020205,-151.51292448327138,HOLD
ETH_USDT,2025-03-05,2241.59,35.34082693246492,-175.0268313535821,-156.21570585733355,HOLD
ETH_USDT,2025-03-06,2202.04,33.617996760094144,-175.2140449561889,-160.01537367710463,HOLD
ETH_USDT,2025-03-07,2141.47,33.91990328688884,-178.19577589890196,-163.65145412146413,HOLD
ETH_USDT,2025-03-08,2203.4,32.310423695616464,-173.56088389220804,-165.63334007561292,HOLD
ETH_USDT,2025-03-09,2020.15,26.62771724827624,-182.56989005343394,-169.02065007117713,HOLD
ETH_USDT,2025-03-10,1865.22,29.203948507764252,-199.90674798540977,-175.19786965402366,HOLD
ETH_USDT,2025-03-11,1923.24,32.10559891924348,-206.58324069011542,-181.47494386124202,HOLD
ETH_USDT,2025-03-12,1908.14,35.293025686155886,-210.66444448223365,-187.31284398544037,HOLD
ETH_USDT,2025-03-13,1864.54,34.9291998666331,-214.9392970887966,-192.83813460611162,HOLD
ETH_USDT,2025-03-14,1911.7,38.7474767027072,-212.07703862284097,-196.6859154094575,HOLD
ETH_USDT,2025-03-15,1936.97,40.34020867050033,-205.40185562389797,-198.4291034523456,HOLD
ETH_USDT,2025-03-16,1886.6,23.722904098190156,-201.8493691646247,-199.11315659480144,HOLD
ETH_USDT,2025-03-17,1926.36,37.2440439338699,-193.59406644964224,-198.0093385657696,HOLD
ETH_USDT,2025-03-18,1931.69,35.970381461508794,-184.4948513145464,-195.30644111552496,HOLD
ETH_USDT,2025-03-19,2056.26,39.810426540284375,-165.3261232022685,-189.31037753287367,HOLD
ETH_USDT,2025-03-20,1983.62,38.41273209549073,-154.21847441684008,-182.29199690966695,HOLD
ETH_USDT,2025-03-21,1965.85,40.24008002667558,-145.17597494772235,-174.86879251727802,HOLD
ETH_USDT,2025-03-22,1980.78,36.94617098627889,-135.2459713756475,-166.94422828895193,HOLD
ETH_USDT,2025-03-23,2005.86,48.97124674240132,-123.92410565535374,-158.3402037622323,HOLD
ETH_USDT,2025-03-24,2081.48,67.5758265335977,-107.60909284708532,-148.1939815792029,HOLD
ETH_USDT,2025-03-25,2066.13,62.478386167146965,-94.82486238081174,-137.52015773952468,HOLD
ETH_USDT,2025-03-26,2009.41,58.24446000293077,-88.25277455246805,-127.66668110211336,HOLD
ETH_USDT,2025-03-27,2003.74,62.0783007080383,-82.5502809598629,-118.64340107366327,HOLD
ETH_USDT,2025-03-28,1896.95,48.84017173321591,-85.66063178092872,-112.04684721511637,HOLD
ETH_USDT,2025-03-29,1828.22,41.995789969528815,-92.60406183411806,-108.15829013891673,HOLD
ETH_USDT,2025-03-30,1807.72,43.92726264896993,-98.62408182639888,-106.25144847641316,HOLD
ETH_USDT,2025-03-31,1822.18,41.65438349141249,-101.06319627247217,-105.21379803562496,HOLD
ETH_USDT,2025-04-01,1905.15,48.10914790538615,-95.2037765789687,-103.21179374429371,HOLD
ETH_USDT,2025-04-02,1794.92,30.992348645739398,-98.32139617432631,-102.23371423030024,HOLD
ETH_USDT,2025-04-03,1817.17,36.93628643634139,-97.86857510317532,-101.36068640487525,HOLD
ETH_USDT,2025-04-04,1816.94,37.982018627023734,-96.41683694084145,-100.3719165120685,HOLD
ETH_USDT,2025-04-05,1805.73,35.78701222779755,-95.07491288840492,-99.31251578733578,HOLD
ETH_USDT,2025-04-06,1580.95,23.94820419124231,-110.87124119047462,-101.62426086796356,HOLD
ETH_USDT,2025-04-07,1552.96,15.58576860967861,-124.2166124677035,-106.14273118791155,HOLD
ETH_USDT,2025-04-08,1473.27,14.380812765855183,-139.61385079068646,-112.83695510846654,HOLD
ETH_USDT,2025-04-09,1669.12,32.48365676635609,-134.4628112911355,-117.16212634500035,HOLD
ETH_USDT,2025-04-10,1522.48,28.366836881472963,-140.59253463147434,-121.84820800229515,HOLD
ETH_USDT,2025-04-11,1566.63,34.26568096943832,-140.2708929792443,-125.532744997685,HOLD
ETH_USDT,2025-04-12,1644.09,41.301575004015454,-132.24122053969973,-126.87444010608795,HOLD
ETH_USDT,2025-04-13,1597.9,40.32284844571534,-128.12781654245305,-127.12511539336097,HOLD
ETH_USDT,2025-04-14,1615.79,40.511066361387726,-122.01779555837129,-126.10365142636304,HOLD
